"CompoundID","WT-Fe","WT+Fe","log2fc","pvalue","FDR","VIP"
"Compound_0003",4930816.93233333,3396821.86833333,0.537641126251594,0.038348964587309,0.113581328236298,1.20466098045705
"Compound_0007",5163992.95166667,2218450.943,1.21893438057316,0.0176864668655796,0.0770417526228995,1.17510537233523
"Compound_0013",2756867.23666667,2081634.05333333,0.405313324368808,0.0335983862706156,0.105920336378551,1.128079585364
"Compound_0014",32594965.9033333,10812639.1996667,1.59193046025429,0.00962055026474801,0.0604197673106076,1.28593805993414
"Compound_0017",168912806,92291541.68,0.872008369982966,0.0234688330974945,0.0876546778340156,1.15336765149683
"Compound_0020",20390221.5466667,6132332.73733333,1.73336956665956,0.0169162147610636,0.0749336877096842,1.21734757184098
"Compound_0022",18641091.54,9017892.968,1.04762404825447,0.0426903566558247,0.121598871944616,1.13959920016416
"Compound_0027",32090496.5233333,7740611.22466667,2.05162671600453,0.0402427222005501,0.117506221810084,1.21510503260215
"Compound_0028",994355.1593,2924555.52766667,-1.55638423709222,0.0330389071801776,0.105588260060361,1.22933852788147
"Compound_0029",724155.479266667,1834940.041,-1.34136153349263,0.0184035659055799,0.0782534616701735,1.23783146726507
"Compound_0030",2187614.50033333,1299826.5878,0.751039366414284,0.0454322049859768,0.125013737622574,1.17078146176251
"Compound_0031",20779802.1866667,12587347.3466667,0.723207638549469,0.0177982285118495,0.0773474416636449,1.21286684275808
"Compound_0032",15944046.8033333,9056737.382,0.815954520791656,0.0255836319734719,0.0913350392910899,1.14640410053472
"Compound_0033",3022330.44866667,1332578.34176667,1.18144105626069,0.00383575363488194,0.0505662936500562,1.25268733025729
"Compound_0035",3468777.63266667,1451007.29076667,1.2573725906407,0.0104147760341006,0.0615117104111306,1.21738999925885
"Compound_0036",7556305.49766667,4125976.368,0.872945472299381,0.0262207970093705,0.0928965379760553,1.23827649811921
"Compound_0037",49141192.5266667,21503550.0633333,1.19235801167813,0.00690702829092994,0.0537534419294129,1.2811389654297
"Compound_0038",6366659.47933333,1540831.41243333,2.04682758341455,0.0304456226758938,0.101483795110015,1.20810719681571
"Compound_0039",3036233.809,10052401.2286667,-1.72718536410911,0.0128565169431281,0.0666991865729633,1.26913588081888
"Compound_0040",8509629.99333333,3773457.64266667,1.17320932360275,0.00614621295473757,0.0517283081258457,1.25728064565887
"Compound_0041",75210792.2,40443270.6266667,0.89504002099977,0.0130743656717271,0.066992617491494,1.28673776506507
"Compound_0042",29639499.7466667,8864255.20966667,1.74144977459591,0.00256083320874925,0.0436101730269014,1.27058168929628
"Compound_0043",6792327.97166667,1914304.32833333,1.82708592011648,0.0105389173962269,0.0615117104111306,1.2332843722053
"Compound_0048",12347898.3466667,8768253.02066667,0.493904176143072,0.0425497821221424,0.121570806063264,1.15430516036898
"Compound_0051",1414126.8119,455684.326666667,1.63380484489928,0.0351496052785468,0.10878247224309,1.19191664340119
"Compound_0052",17777955.0433333,12184116.9766667,0.545087685909316,0.0139416882133821,0.0695215551659271,1.24598757583228
"Compound_0053",1153011.77033333,485387.376666667,1.24819874625843,0.0249153102539399,0.0901604612302105,1.16886898149082
"Compound_0057",12485365.1666667,9704724.223,0.363478895327611,0.0312577685764725,0.102538711732344,1.13917514129824
"Compound_0060",12501054.0133333,8102304.30966667,0.625645562857237,0.000976516716915101,0.0349073359892374,1.29101600587666
"Compound_0061",66774770.2266667,13871098.0066667,2.26722111366819,0.00884699009885034,0.0580171106303337,1.27726942524292
"Compound_0068",23727993.9,15214661.7066667,0.641127875689057,0.0231299204764982,0.0873505402061074,1.25531767305553
"Compound_0069",4128280.74433333,549688.853096667,2.90885395578971,0.000908066661787274,0.0349073359892374,1.30094262671583
"Compound_0073",7142402.87233333,5518651.82466667,0.372093644630698,0.0174740726387776,0.0764747649602972,1.17701077495478
"Compound_0077",15471334.0033333,7301062.699,1.08341922292307,0.00896523677764723,0.0585099663383293,1.28272988424529
"Compound_0078",16089038.01,6266034.05633333,1.36045355154342,0.0041452453712595,0.0505662936500562,1.25015698856232
"Compound_0079",16317403.3766667,759994.817266667,4.42427810597001,0.0020469766145336,0.0400106723842903,1.31725825347334
"Compound_0084",5237651.04433333,2421121.862,1.11324424797466,0.00512407336602031,0.0514811536498934,1.2426087428775
"Compound_0086",3219572.06766667,767830.443166667,2.06800927713864,0.00127928275692612,0.0357301590335681,1.30911698646845
"Compound_0096",4861281.30633333,135323.383866667,5.16685355702903,0.0100699612184346,0.0604197673106076,1.29713714719225
"Compound_0099",59335084.8066667,5620475.305,3.40012137728822,0.00488276794959059,0.0514811536498934,1.30537835507276
"Compound_0106",6508552.144,4255055.79266667,0.613158596456424,0.0157543104315042,0.0736126991984036,1.18574856362186
"Compound_0109",14988610.1,9192475.39733333,0.70534129245264,0.027101388331719,0.0943974564842136,1.15880649673392
"Compound_0110",9864032.96533333,2443076.10366667,2.01347881585109,0.00956460806016223,0.0604197673106076,1.26920841872185
"Compound_0111",8680797.41,1681225.98936667,2.36831390959371,0.0355941812533209,0.109611220415856,1.20768277746125
"Compound_0119",2108338.99833333,145630.076166667,3.85572661236569,0.0201713793204027,0.0813856085378502,1.27103548911451
"Compound_0120",2194314.847,65978.4394066667,5.05563207853662,0.00106090804363439,0.0352373028778564,1.32018427049977
"Compound_0121",86691973.3366667,48351763.1733333,0.842329923613931,0.0108537427448103,0.0624937610864087,1.21572565404397
"Compound_0123",2179122.84066667,829354.342466667,1.3936869943531,0.000632200473309988,0.0345850847163699,1.301780652671
"Compound_0126",295954056.3,243165403.833333,0.283435245191863,0.021612113082511,0.0849354647795438,1.1768888687246
"Compound_0133",3905074.874,225413.1365,4.11470671052014,0.000102561177260017,0.0193137553184327,1.31924984936798
"Compound_0135",16001019.9233333,1711737.318,3.22463063820218,0.00636484937613741,0.052053934809089,1.29705674572553
"Compound_0137",127276481.2,1635882.35433333,6.28175304551445,0.00909423290629821,0.0589382341662532,1.29991811585207
"Compound_0140",1504401.62233333,639789.641066667,1.2335202284251,0.0163212160656581,0.0744055438287357,1.24629004143086
"Compound_0146",2537692.807,1484037.0722,0.773990306650496,0.0456714562866436,0.125293375653624,1.12927150190373
"Compound_0150",201796046.633333,31044393.77,2.70049324665905,0.00758509668344532,0.055159030633617,1.28885121528584
"Compound_0151",30098609.3233333,1846171.66353333,4.02708821902664,0.00514163673467398,0.0514811536498934,1.29807266433785
"Compound_0154",2380971.73366667,466014.354033333,2.35310419524224,0.00199029520250698,0.0400106723842903,1.27164572648154
"Compound_0156",8839620.559,4166212.988,1.08524784750423,0.0169896234379167,0.0749336877096842,1.23410532824727
"Compound_0157",1562598.97733333,611959.657166667,1.35243912218345,0.00158350595863862,0.0383348956078851,1.27787643545713
"Compound_0158",2157386.10366667,663854.0203,1.70034645941596,0.00547927090449886,0.0514811536498934,1.28737313525694
"Compound_0167",2841349.373,1713595.73233333,0.729549444352707,0.0449521966298652,0.124357255928314,1.08656115323816
"Compound_0168",30328261.77,8137658.06433333,1.89797724759893,0.00805203990857182,0.0564123363994866,1.27773322886828
"Compound_0171",10367668.1876667,192743.619633333,5.74926453748728,0.00517549382758721,0.0514811536498934,1.30984253348645
"Compound_0172",10186349.7166667,3779018.34866667,1.43055372505282,0.0151198786818946,0.0727462549668326,1.24511630859589
"Compound_0173",9332962.78966667,1587045.83133333,2.5559913521199,0.0025236852675373,0.0435704038665597,1.30634448149348
"Compound_0176",29090153.78,10924512.7286667,1.41296199107774,0.0113932999505323,0.0644752996583347,1.207919844855
"Compound_0178",3081525.038,71317.7386733333,5.43323974406993,3.58639529416793e-05,0.0133413904943047,1.32308746430889
"Compound_0180",8922434.50433333,5704219.805,0.645407830815487,0.0463172283539613,0.12576648866915,1.11353540255181
"Compound_0182",2362397.75766667,725890.491866667,1.70242806802097,0.0334770430886066,0.105896768953756,1.20958920548661
"Compound_0188",65217033.4533333,159870.264266667,8.67220338433493,0.00105851076271846,0.0352373028778564,1.32064923852923
"Compound_0190",17385301.49,2944855.61066667,2.56159928194624,0.0258409986055428,0.0919010657864428,1.2423485922184
"Compound_0199",256105.108166667,1012184.29026667,-1.98266405436939,0.00724012787044103,0.055159030633617,1.24559214887902
"Compound_0200",49172997.4366667,34605642.7266667,0.506859000147797,0.0342113697867857,0.107204190126207,1.14985184952416
"Compound_0203",4888198.28933333,2767003.94733333,0.820978107081766,0.0127806789402359,0.0666208065674517,1.20045533378689
"Compound_0205",6777542.43266667,3534492.785,0.93925904356914,0.0040321091075487,0.0505662936500562,1.29481757364383
"Compound_0207",48871773.7933333,29405210.6766667,0.732929641049774,0.0272792242803616,0.0943974564842136,1.22229443840283
"Compound_0212",47476541.7366667,17912300.91,1.40626418126938,0.00132074789570338,0.0361263395001218,1.28060764478688
"Compound_0213",4997480.22033333,1012917.5947,2.30268404757004,0.0255806913259657,0.0913350392910899,1.24811668128372
"Compound_0217",122566210.533333,66575126.6766667,0.880506133145582,0.00398509805083073,0.0505662936500562,1.2680468705543
"Compound_0220",40734463.51,16430704.6733333,1.30985555208687,0.00407875582200891,0.0505662936500562,1.25082565495501
"Compound_0223",8244522.93533333,804046.308533333,3.35808551533493,0.0062880017074953,0.0517700813314219,1.30127450585581
"Compound_0226",48367864.5133333,15817340.0056667,1.61254183995884,0.0109051307218583,0.0624937610864087,1.21248973849253
"Compound_0230",230742294.133333,519826.641733333,8.79403617757195,0.00196349328076085,0.0400106723842903,1.31797404777771
"Compound_0231",62358382.67,288693.8301,7.7548994255405,0.000481844299506684,0.0319916303415982,1.32208854683102
"Compound_0232",9409286.36333333,4552445.906,1.04744343291262,0.043545713075932,0.122121454864351,1.12765452635361
"Compound_0234",824158.770133333,612684.8435,0.427777129689509,0.0438130978823876,0.122538011933387,1.09697030440338
"Compound_0236",51852945.6866667,28531290.9966667,0.861880920559232,0.0148935777552932,0.0724311834863068,1.19500011930605
"Compound_0237",10107977.202,6166083.939,0.713067881355535,0.0409745898830571,0.11852680743777,1.13259834949106
"Compound_0239",19422543.94,10971047.5036667,0.824030896218446,0.00159389848850906,0.0383348956078851,1.27868144811324
"Compound_0240",4365516.25633333,5130086.299,-0.232830821365862,0.032400899062462,0.104265868955327,1.20160056466659
"Compound_0241",81832545.54,52587519.5766667,0.637954280035378,0.0162794269847541,0.0744055438287357,1.25030182152112
"Compound_0244",6934157.44466667,5186374.05633333,0.4189943329725,0.0421967486022374,0.12130749984569,1.12008098331184
"Compound_0245",2718648.56833333,1036581.40436667,1.39105625248563,0.0105495890436294,0.0615117104111306,1.27372810925146
"Compound_0250",1617980.679,651060.651333333,1.31333052707032,0.0187640020994072,0.0782534616701735,1.25544091029376
"Compound_0251",8804364.26766667,3633300.82466667,1.27693801502858,0.00371224214943846,0.0505662936500562,1.28292436698618
"Compound_0259",51151838.7566667,2219169.581,4.52669427905057,0.00146322899021344,0.0383348956078851,1.31864240665959
"Compound_0260",7383405.266,4795249.411,0.622680493644227,0.0188969231854258,0.0784559757252053,1.21174227330808
"Compound_0262",35297136.4266667,11890818.5756667,1.56970311075143,0.00545319293698237,0.0514811536498934,1.25605943647191
"Compound_0263",27401581.2666667,8783631.693,1.64136968239157,0.00603939251754857,0.0517283081258457,1.28808150569898
"Compound_0264",1040375485.66667,464072539.833333,1.16468207282913,0.00845543135348792,0.0572198910344109,1.28628706049833
"Compound_0266",7265803.437,813858.945133333,3.15827165783315,5.78079914601988e-05,0.0179204773526616,1.31338529426121
"Compound_0267",2573339.60066667,296273.153133333,3.11864205328176,0.0218439791930809,0.0849354647795438,1.26743671275738
"Compound_0268",38394884.2233333,3718681.02066667,3.36805118994598,0.00241866447446033,0.043256883870156,1.31276176982407
"Compound_0269",17709854.0066667,2188876.90433333,3.01628958990093,0.0479688212979847,0.128933537014814,1.20322386904466
"Compound_0270",15155652.5566667,8231198.82,0.880681501443352,0.00600191030219512,0.0517283081258457,1.23620150050977
"Compound_0271",24166953.34,13673579.2033333,0.821644675054758,0.0269702592082864,0.0943974564842136,1.19577990335748
"Compound_0274",5864411.38833333,3165326.52733333,0.889631979829978,0.0170339851207645,0.0749336877096842,1.24938610131403
"Compound_0276",6420499.915,3393371.71033333,0.91996616161147,0.0261289310049737,0.0927477321932273,1.16707742313973
"Compound_0280",4901554.48566667,673291.528633333,2.86393614202639,0.0218994727897646,0.0849354647795438,1.2633893361463
"Compound_0283",19657523.58,1182268.50466667,4.05545195705614,0.00768451116044368,0.0553484935796189,1.30351035018185
"Compound_0289",149884117.233333,94242647.96,0.669395532728953,0.0154321497565579,0.0732239758857082,1.19687523884872
"Compound_0291",24045988.4933333,8836438.714,1.44425928147666,0.0298105450011502,0.100448575547354,1.19630204900394
"Compound_0292",7279695.997,3814628.74133333,0.932335550537437,0.0169190167313748,0.0749336877096842,1.17848595014978
"Compound_0294",8524643.683,3405809.83666667,1.32364164854982,0.0270993712076235,0.0943974564842136,1.16515141692603
"Compound_0295",2426560.64166667,796312.407433333,1.60750647293937,0.000306945928639586,0.0314148316762193,1.30586099566178
"Compound_0296",2243185.64766667,875197.792966667,1.35786801872424,0.00967009213799599,0.0604197673106076,1.24753717197423
"Compound_0298",4762305.133,3165812.663,0.589084174204007,0.0082796042362086,0.0568268039828339,1.22316843430848
"Compound_0299",26356600.74,3167633.104,3.056687167447,0.00870625704619527,0.0576530821144903,1.29710806890482
"Compound_0300",7630354.41266667,2334908.86433333,1.70838382846298,0.0395775291570959,0.116110732227442,1.19552988551818
"Compound_0304",75332445.6233333,21145072.42,1.83294986485496,0.000829237324982608,0.0349073359892374,1.29299611703888
"Compound_0305",386609117.833333,102066374.046667,1.92136801665754,0.0009426045170426,0.0349073359892374,1.29588372617314
"Compound_0307",16484316.6366667,6278724.993,1.39255055176727,0.0138513446947115,0.0694433992780684,1.26570211937862
"Compound_0308",7998725.151,1301600.74346667,2.6194830992064,0.0221580336108887,0.0849772010644392,1.25272785162
"Compound_0311",1433576.192,878296.216433333,0.706839089296798,0.0141244943745252,0.070244811595232,1.19001648166632
"Compound_0315",858169.073566667,1102275.34933333,-0.361150839659763,0.00534279837523263,0.0514811536498934,1.29876517033472
"Compound_0317",4585871.119,3175095.64633333,0.530395757916119,0.0496590039638846,0.13069658707699,1.12855652089164
"Compound_0320",1088791.09266667,152276.813663333,2.83795897682806,0.000207827876784872,0.0276114179157044,1.31074485939957
"Compound_0322",50722845.74,10296261.0133333,2.30051515640622,0.000270205631622286,0.0314148316762193,1.30295341448109
"Compound_0323",12430856.6333333,5610299.78466667,1.14777595062286,0.0244400112009443,0.0896615795537602,1.24704666947029
"Compound_0324",19542208.24,5082757.30733333,1.94291024746871,0.00560729163240706,0.0514811536498934,1.28604448849688
"Compound_0325",8175149.48766667,2044947.78933333,1.99918110201257,0.000512616753034565,0.0319916303415982,1.30459058910386
"Compound_0326",9362346.94066667,2882374.375,1.69961249698855,0.00128311571095185,0.0357301590335681,1.29274710743962
"Compound_0328",1362492.396,277105.094933333,2.29774303632675,0.0492335503451784,0.130457907646047,1.19779043970319
"Compound_0332",3336047.66833333,706408.349066667,2.23956560393755,0.0220125406168692,0.0849354647795438,1.22547670177496
"Compound_0333",92122083.3266667,49098457.94,0.907869324023242,0.015733514051881,0.0736126991984036,1.20409841913316
"Compound_0337",1101377.58966667,123925.018033333,3.1517697847344,0.000651536028908293,0.0346244861076978,1.32045890049327
"Compound_0338",8907548.90133333,6557948.63033333,0.441783897727409,0.02799545031168,0.0958960176422187,1.21355871366264
"Compound_0340",1979408.25133333,1046099.89613333,0.920048571043338,0.0492398586015203,0.130457907646047,1.1498012256547
"Compound_0342",3238428.973,1238412.604,1.38680204268646,0.00581131365192368,0.0517283081258457,1.26251212232854
"Compound_0343",14153654.7633333,4713229.19533333,1.58638689087359,0.0012870541157253,0.0357301590335681,1.2894574789313
"Compound_0345",11376234.75,7123710.66833333,0.675322313320346,0.0368201445545124,0.110394823960908,1.15111157027913
"Compound_0348",1055223.04066667,134326.514273333,2.97373196425293,0.0170413709146217,0.0749336877096842,1.27099422013586
"Compound_0352",6737875.90066667,4937456.65533333,0.448525773721438,0.0388327116678846,0.114502172980246,1.17654502419596
"Compound_0356",1668732.94,4496145.416,-1.42993560875606,0.0457657685964877,0.125367201162691,1.20168955184909
"Compound_0361",19576876.06,824823.719466667,4.5689209370658,0.00203169353653196,0.0400106723842903,1.31673524774787
"Compound_0362",25847207.07,11180526.4076667,1.20902028245086,0.00437454086004181,0.0514811536498934,1.27688934667517
"Compound_0366",7456014.72433333,4496385.56366667,0.729638957551748,0.0150749132018887,0.0727462549668326,1.27168480410707
"Compound_0368",9930580.009,6494471.598,0.612665832615624,0.00397081593742056,0.0505662936500562,1.26302366567014
"Compound_0377",6293078.72166667,4567959.25733333,0.462216207016063,0.0191280729637573,0.0788186716844474,1.17007914099589
"Compound_0380",6539769.784,3338873.10633333,0.969878585292525,0.0198099983869823,0.0806271269141949,1.19785220267091
"Compound_0381",995859.227066667,463825.4039,1.10235998071367,0.0278797602356608,0.0956759299600168,1.16918976940834
"Compound_0382",29198666.97,11947998.03,1.28913360121482,2.87180858084672e-05,0.0133413904943047,1.32072384510421
"Compound_0389",8240440.401,4947137.587,0.736127419195482,0.0311769297037754,0.102463984811508,1.14652422489023
"Compound_0390",20647093.1233333,4397616.34066667,2.23114503045503,0.00762075646204736,0.055159030633617,1.28345950486922
"Compound_0392",4151290.58766667,5384628.10366667,-0.375286783403917,0.0426201919878021,0.121585210271951,1.18517953474758
"Compound_0395",3046474.50466667,1952092.65733333,0.642119133806747,0.0273042105314553,0.0943974564842136,1.23379878200472
"Compound_0396",6723168.05766667,2555201.822,1.39570396619179,0.00662351973882738,0.0535641161487779,1.30138664136095
"Compound_0397",1548002.928,111952.929706667,3.78944401247994,0.01602129221782,0.074128366977973,1.28148309201296
"Compound_0398",591292.337366667,67752.2932633333,3.12552989675291,0.00543178045719919,0.0514811536498934,1.3082727047354
"Compound_0403",2145212.747,74756.75563,4.84277296197693,0.00592709467214464,0.0517283081258457,1.30810576585393
"Compound_0404",1372656.91033333,736871.117,0.897486864316528,0.0098767824125764,0.0604197673106076,1.24753788703627
"Compound_0405",14040519.8933333,5608645.06866667,1.32387216374955,0.0106660426366712,0.0619963728256512,1.20818134307929
"Compound_0407",1531111.56766667,810028.222133333,0.918535332861635,0.00232251530319551,0.0419405676111034,1.28247133679693
"Compound_0409",3556825.42333333,588227.072966667,2.59614507509908,0.00564632007773024,0.0514811536498934,1.29473948724956
"Compound_0410",42331257.3833333,27434330.2633333,0.625740985625706,0.0120327461376256,0.0662213208883578,1.27353133882327
"Compound_0416",680303789.1,343760835.733333,0.984773934902862,0.023969021982278,0.0889867881976786,1.20187259976481
"Compound_0420",5647701.70666667,2967214.414,0.928554710907175,0.00283562644681838,0.0454678033713982,1.26485964204206
"Compound_0423",10513841.2873333,2736216.435,1.94203560467456,0.0251370953990942,0.0906104601595256,1.22353384872162
"Compound_0424",10950682.3506667,2742594.96333333,1.99740728831487,0.0231525894202209,0.0873505402061074,1.24234700619636
"Compound_0426",6671238.07133333,1608207.561,2.05250090867269,0.000718494108523978,0.0349073359892374,1.29686697042806
"Compound_0429",721275903.366667,77250226.5,3.22294015840451,0.00326813661308923,0.0470554701018125,1.30917067653952
"Compound_0433",2006089.225,1438904.23533333,0.479415195932656,0.031081440068054,0.102463984811508,1.19504136984801
"Compound_0435",29062122.4933333,102780.944446667,8.1434234467704,0.003038093391116,0.0468487782929625,1.31546030055695
"Compound_0436",18894132.9566667,5704267.84433333,1.727824685144,0.00599192560173983,0.0517283081258457,1.2946978110166
"Compound_0443",4971070.06333333,3263382.52333333,0.607188331607076,0.0125158718215728,0.066238468391137,1.19879230912918
"Compound_0446",74163214.6666667,42022810.05,0.819531142415413,0.0151359143398732,0.0727462549668326,1.19758214666741
"Compound_0447",6245352.50366667,158564.513033333,5.29964116848008,0.0118242538788171,0.0655931889714179,1.29252816790685
"Compound_0451",2953254.696,2002392.172,0.560581227243779,0.0450418175491746,0.124357255928314,1.12183737869567
"Compound_0452",4034096.52633333,127914.207733333,4.97899718284458,0.0011060916024002,0.03564279779393,1.32031537514811
"Compound_0453",7464196.88733333,4230036.02233333,0.819317092307135,0.0210786802441718,0.083417755859914,1.16326457664304
"Compound_0455",61426129.22,90925809,-0.565837382475295,0.00747477955500717,0.055159030633617,1.2784731954721
"Compound_0457",1294462.63533333,627381.524866667,1.04493837201258,0.0405993083397274,0.117807665385168,1.15718050398849
"Compound_0459",1034460009,461593364.433333,1.16418348339524,0.00845303766640254,0.0572198910344109,1.28624706354872
"Compound_0469",150475303.033333,47309815.8166667,1.66931527272891,0.00118384065022983,0.0357301590335681,1.28510640584562
"Compound_0472",48520884.7566667,34116560.36,0.508133656478685,0.0429676076553031,0.121751616493113,1.14145095562837
"Compound_0473",62495302.49,133259566.8,-1.09241945119331,0.0011114420817462,0.03564279779393,1.30292988637508
"Compound_0479",48354212.55,4751971.61633333,3.34704345669356,0.000853402944578095,0.0349073359892374,1.31630153950062
"Compound_0481",1939525.19633333,605472.479233333,1.67957022684756,0.00121817836006376,0.0357301590335681,1.29078903438258
"Compound_0482",18454738.8366667,3110275.168,2.568877194091,0.000309526888167051,0.0314148316762193,1.31283369838158
"Compound_0483",5577475.349,960622.600866667,2.53757057532203,0.0461002232662666,0.125543799817358,1.20186909038027
"Compound_0486",2869924.439,1623299.56166667,0.822083495718055,0.0161952275439556,0.0744055438287357,1.18693861755905
"Compound_0488",8513482.02566667,1030572.92633333,3.04630271905579,0.00573489951989117,0.0517283081258457,1.2932509559763
"Compound_0495",13350346.77,2079472.30933333,2.68258783682423,0.0126422883219643,0.066238468391137,1.27398142718183
"Compound_0496",3371362.49266667,1417543.88933333,1.24993835193619,0.0126172598912101,0.066238468391137,1.22433997185753
"Compound_0499",18756018.99,8203612.14866667,1.19302245422667,0.00674323895314395,0.0537534419294129,1.23078665884702
"Compound_0500",7762868.66266667,215120.000133333,5.17337631296697,0.0109779990921456,0.0626352095441437,1.29449713984352
"Compound_0507",16009024.8966667,150568.882956667,6.73231797744724,0.00670357181246771,0.0537534419294129,1.30583362427806
"Compound_0510",13207019.3633333,6201287.487,1.09066522914392,0.0169666655041614,0.0749336877096842,1.2718129199416
"Compound_0512",6272798.832,3822688.689,0.714521581131169,0.0444288346204795,0.123339749841928,1.1841296124249
"Compound_0519",2437458.40533333,1685600.86966667,0.532114636203288,0.00885852656936278,0.0580171106303337,1.2222120616838
"Compound_0522",3261490.587,1385113.75893333,1.23552699555442,0.0333206318500605,0.105896768953756,1.17774310698477
"Compound_0526",759257.8817,278131.807933333,1.44882123502176,0.00687524042813489,0.0537534419294129,1.27598978659991
"Compound_0527",169396483.533333,325508.724666667,9.02349199832028,0.00261922924204926,0.0436101730269014,1.3166138022702
"Compound_0533",5862821.86166667,784935.132266667,2.90094988352563,0.000551209966446136,0.0330725979867681,1.30261225833686
"Compound_0538",23467377.7033333,15183776.9433333,0.628125937160332,0.00342058329679408,0.0480856196418208,1.26201084855446
"Compound_0539",448489.3607,271899.9838,0.72199769577568,0.00611899343403123,0.0517283081258457,1.24189077770711
"Compound_0540",13211662.4066667,5470173.48233333,1.27215351767102,0.00199944898663806,0.0400106723842903,1.28099456619222
"Compound_0543",1649867.03466667,1137335.93426667,0.536691314946614,0.0311024827007272,0.102463984811508,1.12891962000895
"Compound_0544",9671347.149,2505131.725,1.94883039542767,0.00850081531883666,0.0572198910344109,1.27482377277401
"Compound_0545",21061866.8666667,4595206.273,2.19643178976384,0.0342361768467565,0.107204190126207,1.21913680024148
"Compound_0548",3413426.47466667,91468.7398166667,5.22179809137837,0.0100666035297705,0.0604197673106076,1.29731329588951
"Compound_0551",3064760.49966667,2214698.177,0.468664237605682,0.0454351003402474,0.125013737622574,1.08968052313245
"Compound_0553",21034902.7366667,10990377.5286667,0.936544202320853,0.0149145931587395,0.0724311834863068,1.23085537914964
"Compound_0554",35567986.8,1438646.4745,4.62779529769523,0.00498037990246394,0.0514811536498934,1.30622413951672
"Compound_0556",4263130.45766667,2318890.61,0.878478439703243,0.0219260102228765,0.0849354647795438,1.19504453214216
"Compound_0557",1387395.327,816264.020566667,0.765271157993785,0.0301339413340422,0.101027585987753,1.13253442988598
"Compound_0558",1558792.33366667,1119355.72026667,0.477760157774769,0.0388445543820083,0.114502172980246,1.14789039037646
"Compound_0559",29841755.1833333,12698455.0933333,1.23267940419449,0.00191585026012807,0.0400106723842903,1.30039977667326
"Compound_0564",2597184.13666667,733346.493733333,1.82438138927018,0.0360884652816973,0.109740301465398,1.18021782707842
"Compound_0565",184082403.566667,93490614.5233333,0.977458280149283,0.0439423946019189,0.122538011933387,1.09411951386435
"Compound_0569",99710659.94,44843285.9733333,1.15285575144331,0.0170135060265202,0.0749336877096842,1.26702735291132
"Compound_0578",2588644.60266667,2105803.47833333,0.297826105135808,0.0202183381272587,0.081398504148704,1.22710735129855
"Compound_0579",129998558.5,67783762.0166667,0.939484011784773,0.0335851875958261,0.105920336378551,1.16564024813232
"Compound_0581",8420132.97,4276220.53433333,0.977506758372157,0.0265292085959516,0.0936325009268881,1.19776651561217
"Compound_0585",85226189.9,60222810.7733333,0.500986792540978,0.0432439430931319,0.121751616493113,1.09666910081431
"Compound_0588",12351639.1566667,6538922.36766667,0.917577710816284,0.0311799007544695,0.102463984811508,1.20561596458415
"Compound_0589",8448935.91166667,4469485.73833333,0.91866081119658,0.00343838032922697,0.0480856196418208,1.29792868576036
"Compound_0590",1808855.62766667,60353.8966566667,4.905486535426,0.015033677239508,0.0727462549668326,1.28502735470417
"Compound_0593",3898785.41533333,93063.65051,5.38866316313196,0.000333192880180587,0.0314148316762193,1.32125301345864
"Compound_0594",12971334.9266667,5096340.459,1.34779339556308,0.00437964611006373,0.0514811536498934,1.25589918054535
"Compound_0597",2329329.01466667,1285494.33566667,0.85759117955175,0.00625406797643388,0.0517700813314219,1.23381801673502
"Compound_0598",37031343.7333333,15052473.4666667,1.29874632628388,0.00408201494907447,0.0505662936500562,1.25088988387433
"Compound_0599",2224589.551,1035607.90933333,1.10306128666121,0.0277798346419245,0.0955092281589271,1.13979028544544
"Compound_0600",4429076.71833333,328683.6546,3.7522343688504,1.54431153307738e-05,0.0133413904943047,1.32145152016411
"Compound_0602",7794902.42733333,3828771.31666667,1.02564947006085,0.00597427211546771,0.0517283081258457,1.26365364534248
"Compound_0604",4581496.292,996990.2304,2.20016757900423,0.000146560763143852,0.0227169182872971,1.30923343397684
"Compound_0611",30345275.64,8707687.22066667,1.8011104332402,0.00252989441805831,0.0435704038665597,1.26676397596352
"Compound_0612",34419500.11,162936.7823,7.72277001136446,0.0114805827911087,0.0644752996583347,1.29400947307348
"Compound_0614",2190219.56166667,1037635.53236667,1.07777571347986,0.00278132270179116,0.0449848715246223,1.26254222428883
"Compound_0615",10288820.2133333,3601143.138,1.51455071248329,0.00609692416682212,0.0517283081258457,1.26598629836337
"Compound_0617",2505561.20833333,280624.7329,3.15841970997995,0.0211259527496144,0.0834273293296876,1.25445087256728
"Compound_0619",28682935.0033333,13192386.01,1.12048713862193,0.00600388392334888,0.0517283081258457,1.25350139796973
"Compound_0620",992209.908866667,105393.73907,3.23485619899535,0.000270535107227115,0.0314148316762193,1.31783506327375
"Compound_0622",72958007.79,36332813.7733333,1.00579323669461,0.043267082640887,0.121751616493113,1.09915223930492
"Compound_0623",119527748.3,898804.7365,7.05512213537968,0.000782146169182488,0.0349073359892374,1.32107705414868
"Compound_0629",798468391.066667,138764185.46,2.52460003533224,0.00779081006120141,0.0557342565916717,1.28468717123666
"Compound_0630",119282777.6,19626093.96,2.60354078020328,0.00407828471756113,0.0505662936500562,1.29862335796292
"Compound_0631",9686676.82433333,1389969.1739,2.80094892210672,0.00120034941534979,0.0357301590335681,1.30921458274514
"Compound_0632",39254416.2966667,6876835.219,2.51303829112961,0.0243412960312966,0.0894759103126712,1.24830887265509
"Compound_0644",1094170.45866667,212605.5085,2.36358662830948,0.0317568243280821,0.103627532017952,1.22407791766136
"Compound_0646",1335912.40466667,3125280.59966667,-1.22616031240057,0.0234651622673913,0.0876546778340156,1.24720647401264
"Compound_0647",1325526.09576667,125060.5094,3.40586686905584,0.0263332866324774,0.0931177055825247,1.25507824859413
"Compound_0648",973919.761633333,54352.7109,4.16337901970026,0.0118490922012884,0.0655931889714179,1.29283026733449
"Compound_0651",1133543342.33333,860830697.833333,0.397038123784319,0.0188582479864573,0.0784559757252053,1.26597526872028
"Compound_0654",2317690.729,1107693.77503333,1.06512896746295,0.00214350681723034,0.0402719462631155,1.28608304298083
"Compound_0655",24399955.2133333,11321898.9973333,1.10776254114502,0.0125121987372871,0.066238468391137,1.20126315793237
"Compound_0656",835463.113333333,192881.6008,2.11486060343679,0.0121396365946728,0.0662213208883578,1.28160577432715
"Compound_0659",28711940.4733333,10018946.5856667,1.51892000887973,0.00208657807595493,0.0400106723842903,1.27708921720665
"Compound_0676",4255491.45833333,1660438.83566667,1.35776117519381,0.0462774992505983,0.12576648866915,1.12821786553663
"Compound_0678",311550.579533333,1098223.2815,-1.81763309509913,0.0132987139945775,0.0675836284970332,1.27807473352917
"Compound_0683",15763722.5566667,5162586.54033333,1.61044229749779,0.00447638482840255,0.0514811536498934,1.25808105106831
"Compound_0684",37805144.6233333,6016065.74,2.65169033640413,0.0107285540824013,0.0621654535615774,1.28227347629179
"Compound_0685",19922740.12,3533052.53166667,2.49542898003572,0.00124698804359065,0.0357301590335681,1.30606317803355
"Compound_0687",13841070.12,3207763.47933333,2.10931581360504,0.00580153303976676,0.0517283081258457,1.28556431122197
"Compound_0689",3437397.19,1122346.52623333,1.61479838517152,0.00492715913017495,0.0514811536498934,1.25323631381134
"Compound_0692",15914380.2533333,9656149.88333333,0.720811000855608,0.0241112973244518,0.0893097345384427,1.17656845566844
"Compound_0694",576106.852,2146755.89066667,-1.89774982860494,0.00438418671919169,0.0514811536498934,1.25518604289021
"Compound_0695",1079318.23813333,3611247.631,-1.74237704465241,0.0157911112796575,0.0736126991984036,1.18986803680004
"Compound_0697",5819339.16,2214127.07666667,1.39411730509582,0.0042834017906764,0.0514811536498934,1.25158377798876
"Compound_0703",1671060.63766667,1026156.94746667,0.703512681853852,0.0159282971992032,0.0740665819762947,1.18367647939192
"Compound_0705",993128.060566667,1837153.858,-0.8874207887658,0.0241658361025102,0.0893097345384427,1.21849968072964
"Compound_0706",2014015.63766667,663925.139333333,1.6009823998435,0.0364421964299965,0.110036502207457,1.17025450899031
"Compound_0710",2312739.21733333,192011.8715,3.590335181792,0.0115084943476167,0.0644752996583347,1.29041806435635
"Compound_0712",20317735.99,3052702.26433333,2.73458085840776,0.0164583447973269,0.0748472403986017,1.25281974458299
"Compound_0714",7818707.33066667,354076.931566667,4.46479534701223,0.0398785105779143,0.116809495551056,1.22175782179546
"Compound_0716",83339934.6,119580627.833333,-0.520903817586167,0.0143653797739376,0.0709895916134037,1.22422556013638
"Compound_0717",9538070.31066667,5328725.39466667,0.839906929140701,0.0441985294461449,0.123067761631481,1.12577342233364
"Compound_0719",10751197.625,4956227.282,1.11718312413315,0.0358155520230646,0.109740301465398,1.15215580445044
"Compound_0721",7497037.50166667,1210093.79843333,2.6312017388394,0.0376293470095094,0.112164399739884,1.2129347309207
"Compound_0722",61788149.38,41724750.3466667,0.566426746375619,0.0105437137586932,0.0615117104111306,1.24405894583536
"Compound_0726",54800141.14,78383149.6033333,-0.516363935780234,0.0136643008177741,0.0686908095163779,1.28200749020462
"Compound_0728",1996364.682,1175569.61523333,0.764015310766666,0.0165951581001086,0.0749336877096842,1.18120908724503
"Compound_0729",9256161.584,48942.3866133333,7.5631857851163,0.012629015196283,0.066238468391137,1.29108655362431
"Compound_0730",2610172.54566667,6948771.181,-1.41261269513315,0.0450627905890772,0.124357255928314,1.22367313922867
"Compound_0731",3336682.23366667,1652091.53066667,1.01412068065885,0.0338864833000059,0.106467667125018,1.23307420050199
"Compound_0736",2908741.16233333,1413832.234,1.04078398284888,0.0180673828270344,0.0779330350612334,1.17885101789473
"Compound_0737",95281107.0366667,717491.1415,7.05308534555242,0.00745689367119793,0.055159030633617,1.30416182586896
"Compound_0741",912318.634466667,423367.618533333,1.10762685663137,0.00826667181179515,0.0568268039828339,1.243900171357
"Compound_0747",6545234.55366667,1680694.34733333,1.96138751467553,0.0143887505582006,0.0709895916134037,1.2499733519431
"Compound_0749",14116359.97,1811225.397,2.96233012670641,0.0254341952243117,0.091151451092909,1.25735626901441
"Compound_0750",7970304.81933333,1157455.65563333,2.78367797813763,0.00992784728176679,0.0604197673106076,1.283191870156
"Compound_0751",3137636.752,966239.9957,1.6992248626391,0.00167695120947371,0.0385843112211281,1.28254368067466
"Compound_0753",2495329.26866667,377593.7049,2.72432357955367,0.00992030399161962,0.0604197673106076,1.26393416224777
"Compound_0755",13342779.8666667,2104570.71766667,2.66446137940952,0.0272888634022085,0.0943974564842136,1.23343969789569
"Compound_0756",8126576.64066667,2525253.88633333,1.68621929589796,0.00809789158446812,0.0564123363994866,1.24676696191252
"Compound_0757",4952078.34666667,2565338.70133333,0.948884822317441,0.0198754902236028,0.0807170563665964,1.18443008192784
"Compound_0760",20944423.4,3416387.563,2.61602261529858,0.01156751757246,0.0646113594137405,1.28836188854166
"Compound_0761",6432470.59533333,870214.2413,2.88593042470859,0.0232732144484001,0.0874508664121702,1.25506044400864
"Compound_0767",12221882.87,7225315.348,0.758334099601016,0.00727201579763485,0.055159030633617,1.23209982182326
"Compound_0769",20944898.5133333,5531977.29433333,1.92073175361069,0.00269957639077803,0.0440457200600625,1.26480274723885
"Compound_0770",4116714.21,1782601.024,1.20750945779619,0.00476546844351988,0.0514811536498934,1.2620119873049
"Compound_0772",1078913.71506667,420084.437066667,1.360828247316,0.0131440549707734,0.0671646764990069,1.21493048173417
"Compound_0773",1114250.311,1411870.85933333,-0.341534770934924,0.0485010240105325,0.129614805545389,1.17630631927813
"Compound_0775",2016711.827,100763.273686667,4.32296314375746,0.00171473829021068,0.0385843112211281,1.31490160331502
"Compound_0776",8009652.072,4930295.91166667,0.70006533697071,0.0359735081837082,0.109740301465398,1.11555816787915
"Compound_0777",12714622.8166667,6036166.41033333,1.07478417964658,0.0309372396892395,0.102408499381543,1.19539204940391
"Compound_0778",6484423.697,3553823.87733333,0.867606175548645,0.0468748540467505,0.126641105496668,1.13991435699418
"Compound_0780",1089923752.33333,574303579.333333,0.924341753659464,0.000137888032554087,0.0227169182872971,1.31559366052544
"Compound_0782",2409683.638,448152.391133333,2.42678245133425,0.00325964369620716,0.0470554701018125,1.30374894797034
"Compound_0784",17708598.58,10389550.3603333,0.769316826318439,0.00383818547436399,0.0505662936500562,1.2674620138913
"Compound_0789",1780976.84333333,80335.43499,4.47048846460222,0.00493786486685876,0.0514811536498934,1.31022458073403
"Compound_0791",566783.3271,113929.97443,2.31464995640683,0.0360868218850377,0.109740301465398,1.20409456685872
"Compound_0792",1195533.132,792740.654,0.592733243323048,0.0179382300983775,0.0777741444824759,1.21028165997163
"Compound_0793",1895361.63733333,1163815.2288,0.703611113315726,0.0488721781096372,0.130065313350556,1.1896279840386
"Compound_0794",5069526.98,2368027.012,1.09816560280026,0.00503380063108207,0.0514811536498934,1.25892150405549
"Compound_0797",16061759.4966667,10207597.7636667,0.653986557451113,0.0346261990641044,0.107520417795049,1.18190173223222
"Compound_0802",2732683.32233333,1001058.3316,1.44879224012058,0.0334768480686876,0.105896768953756,1.12466161012404
"Compound_0803",3825623.37733333,101007.317463333,5.24316313335243,0.0155189612443769,0.0734485188665167,1.2837180163899
"Compound_0804",106217376.19,797226.946033333,7.05781360814357,0.00373499609772907,0.0505662936500562,1.31359928373857
"Compound_0809",1722362.27666667,52050.15509,5.04834235447925,0.00964891681268616,0.0604197673106076,1.29827138294252
"Compound_0810",1031418.58763333,535956.628233333,0.944441788473153,0.00638080491208188,0.052053934809089,1.24109014708235
"Compound_0812",11336998.2933333,9304272.43033333,0.285073462404269,0.0425277118427736,0.121570806063264,1.10122221436807
"Compound_0815",16512723.4333333,10684226.0253333,0.628095680988275,0.0284764150453754,0.0968302230062126,1.13718680681664
"Compound_0816",2871511.709,1601120.16133333,0.842728860815643,0.0220521163751645,0.0849354647795438,1.1610212896705
"Compound_0818",342321591.966667,398902.0569,9.7451020154433,0.0100633655333315,0.0604197673106076,1.29767337413382
"Compound_0819",158548288.566667,421904.3289,8.55379069892652,0.00602251038410388,0.0517283081258457,1.30790499299808
"Compound_0820",2080898631.66667,3322829.47,9.29057871760899,0.0047327662767438,0.0514811536498934,1.31116846564239
"Compound_0821",218225934.466667,178083219.2,0.293270987469446,0.0304996997131713,0.101483795110015,1.15540467230869
"Compound_0822",1796655.02766667,1098809.74143333,0.70937182058124,0.0216968198493487,0.0849354647795438,1.20631093029108
"Compound_0827",2262705.08633333,784278.062366667,1.52861140926492,0.00675118204587892,0.0537534419294129,1.24358644397933
"Compound_0828",5852710.65933333,1219174.93293333,2.26319981240803,7.95524691375081e-05,0.0184959490744706,1.3117871546989
"Compound_0830",25027148.6133333,173858.262866667,7.16943848652898,0.0147046545542185,0.0719215718051138,1.28538268623761
"Compound_0835",717642239.733333,375935426.533333,0.932779933255465,0.00203271339579858,0.0400106723842903,1.27105558677114
"Compound_0836",32523755.6866667,21883041.7633333,0.571680574474392,0.0224233190340074,0.0857067643506587,1.1871988544832
"Compound_0837",5882921.059,2261572.67233333,1.37920632171531,0.0301996439834359,0.101027585987753,1.20542813792724
"Compound_0841",119920066.5,53087015.1066667,1.17564215716195,0.00709677369827594,0.0545454507388151,1.23257379516478
"Compound_0843",1225737.6295,248005.945566667,2.30520358903346,0.0248735680540636,0.0901604612302105,1.21658196969216
"Compound_0845",454521.4407,258373.0444,0.814892786805307,0.0407397530109422,0.11803106012516,1.14156954447813
"Compound_0846",6900949.279,122590.094266667,5.81488051566153,0.0204260629945149,0.081933283568284,1.27128820962509
"Compound_0848",68740372.12,37004169.8966667,0.893469808453552,0.0135026014069854,0.0680618932709833,1.19920968684411
"Compound_0851",64096563.0733333,47976361.2333333,0.41792325946899,0.0460270858954842,0.125543799817358,1.09569677400555
"Compound_0852",333158213.366667,221091328.833333,0.59156501688574,0.0472150956763405,0.12727547530144,1.13774282554617
"Compound_0859",5827087.17766667,3176607.931,0.87528785651951,0.0475165155938872,0.127902632423488,1.14573832257583
"Compound_0864",5550934.31366667,1306408.0363,2.08712505053527,0.000791565887198708,0.0349073359892374,1.30409834895198
"Compound_0865",9499085.69633333,72240.45732,7.03883782210722,0.000184785679363085,0.026438566431949,1.32288146671076
"Compound_0867",729741046.266667,501132811.7,0.542191602940478,0.00179437487797802,0.0389463627701817,1.29574326356083
"Compound_0872",3260980.63,648580.477466667,2.3299483677441,1.19075831158854e-05,0.0133413904943047,1.31867303136167
"Compound_0873",1589944.15133333,87053.6052166667,4.1909282332743,0.0114261754577325,0.0644752996583347,1.29411951025333
"Compound_0881",2752439.05433333,1535803.87336667,0.841716627923179,0.0469116783264541,0.126641105496668,1.20063554361752
"Compound_0882",3644003.134,6148444.71866667,-0.754697319404061,0.00390935668982182,0.0505662936500562,1.26457622064462
"Compound_0886",3805344.932,418042.355433333,3.18630620487173,0.0322723563723954,0.104168298270053,1.23126934094426
"Compound_0887",13215490.0133333,5994433.52733333,1.14053458841812,0.034570421106806,0.107520417795049,1.17910514097809
"Compound_0888",6437300.20366667,201023.1698,5.00102205034423,0.0244999655012477,0.0897045980951195,1.2612718242946
"Compound_0890",3991861.789,2699309.507,0.564471362899064,0.0166356394966816,0.0749336877096842,1.18200205108525
"Compound_0893",680980.844066667,1838128.53233333,-1.43255153051168,0.0410665394651038,0.118608328268778,1.23541286862103
"Compound_0896",2653649.50333333,99141.7182166667,4.74234175821982,0.0156272496100133,0.0735865424674045,1.28289631089998
"Compound_0899",2068685.289,180560.2346,3.51816208012984,0.00760812053801281,0.055159030633617,1.29427700088261
"Compound_0900",1739150.72133333,593504.4172,1.55105229505017,0.00473615429509902,0.0514811536498934,1.24521199103919
"Compound_0901",22954977.2033333,3647466.66733333,2.65384030017388,0.00433473011953136,0.0514811536498934,1.30519633593011
"Compound_0902",5470364.97466667,1119430.66996667,2.28887191061465,0.018222168774387,0.0781542005186033,1.23910297670157
"Compound_0904",2571778.01066667,1364293.30133333,0.914612284110475,0.0186802336207707,0.0782534616701735,1.1776579299654
"Compound_0905",56654703.6,25395091.6633333,1.1576460554242,0.012786896744398,0.0666208065674517,1.21251731636556
"Compound_0909",3699975.59033333,2767213.81066667,0.419081633879028,0.0121043230742977,0.0662213208883578,1.21963837925475
"Compound_0910",133995317.466667,78048637.2666667,0.779737237860703,0.0270700135996911,0.0943974564842136,1.16344568204921
"Compound_0912",3658818.64833333,943498.812233333,1.95528530261767,0.00308156302845849,0.0469812068273179,1.26979214611381
"Compound_0913",11180372.79,1670732.12483333,2.74241594914415,0.00859401634083561,0.0572934422722374,1.27896017563187
"Compound_0916",6254863.59733333,1561791.60266667,2.00177646261108,0.04359604625265,0.122121454864351,1.1754524562201
"Compound_0920",47505053.77,28226064.9866667,0.751052985255223,0.0370821048421632,0.110888609335086,1.19628236401487
"Compound_0921",6526365.88,2700748.72723333,1.2729204494592,0.0405776151486994,0.117807665385168,1.17390146478836
"Compound_0922",1473066.203,541490.392066667,1.44381462516285,0.0184863817745434,0.0782534616701735,1.27346262218563
"Compound_0928",31485440.1833333,56757652.5233333,-0.850130084127511,0.000103837394185122,0.0193137553184327,1.31788436129022
"Compound_0931",58999813.8166667,36470179.67,0.693993094711901,0.0147323219665314,0.0719215718051138,1.1927681059092
"Compound_0934",14500438.0966667,3122992.412,2.2150955194105,0.00917436463190753,0.0590618659409833,1.27346454675413
"Compound_0937",1349641.94866667,68035.4323733333,4.31014662260949,0.00611363288395265,0.0517283081258457,1.30769902332195
"Compound_0941",4385195.70933333,89451.2003633333,5.61539657850239,0.00549138959852569,0.0514811536498934,1.30897228501644
"Compound_0955",15155005.94,165152.83805,6.51984884569707,0.010006825925876,0.0604197673106076,1.29718836512662
"Compound_0957",1803141.78933333,524703.4583,1.78093864310696,0.0016075923964597,0.0383348956078851,1.29888017161565
"Compound_0960",5851435.76466667,4113229.29433333,0.508519163745522,0.0232480311852312,0.0874508664121702,1.15435504643848
"Compound_0962",6584525.33133333,1019849.29186667,2.69072346866081,0.00534111456013602,0.0514811536498934,1.29593403108371
"Compound_0963",1278843.7972,492751.083733333,1.37590910939239,0.0325636566715343,0.104608638012183,1.1580907605464
"Compound_0965",879275.428733333,122780.6657,2.84023175626921,0.0483975495506728,0.12952437721475,1.1997420698193
"Compound_0966",860079.208233333,1403211.95366667,-0.706191508193953,0.0482759356902145,0.12952437721475,1.13622595168496
"Compound_0967",1650158.199,920036.0127,0.842842102441186,0.0105057619663035,0.0615117104111306,1.25651969176685
"Compound_0969",4273551.45466667,2613463.50233333,0.709472481065489,0.00745175795570358,0.055159030633617,1.22820833058542
"Compound_0973",2264649.124,1043802.99803333,1.11743809116437,0.0129971620385302,0.06678099831952,1.21358429562349
"Compound_0974",89828345.5133333,40047168.6333333,1.16547051554884,0.00378665286220168,0.0505662936500562,1.25313705577134
"Compound_0975",21168479.6666667,5298044.61333333,1.99838576041622,0.000727539426490242,0.0349073359892374,1.29095507467593
"Compound_0976",211267509.866667,132756078.733333,0.670292995293209,0.0129279272725139,0.0666991865729633,1.19973767615781
"Compound_0977",6578417.51633333,2743659.75233333,1.26163899484731,0.0347268377136868,0.107653196912429,1.2053459245803
"Compound_0978",1666514.30066667,218524.516733333,2.93096664456969,0.0129453797595913,0.0666991865729633,1.28733154443432
"Compound_0979",5705475.224,3483888.127,0.711648759847209,0.0190206806838138,0.078688010406265,1.17126565102066
"Compound_0981",51345233.1333333,23060397.1266667,1.15481298557099,0.00182321649554634,0.0389463627701817,1.27706715993897
"Compound_0982",57860169.22,43203497.06,0.421422448139686,0.0362783397880703,0.109898553755392,1.13832049667242
"Compound_0983",11539094.692,6668320.528,0.791134683219203,0.0460333212313777,0.125543799817358,1.17493023361656
"Compound_0987",3175100.12066667,1085628.67973333,1.54827134625933,0.0217316925228897,0.0849354647795438,1.25410055547493
"Compound_0988",891265.9833,476850.655666667,0.902318543111266,0.0309427831464662,0.102408499381543,1.1338378579967
"Compound_0989",28425101.75,9691162.071,1.55242393812562,0.00559397081860232,0.0514811536498934,1.26462749011245
"Compound_0993",2934438.48433333,423335.510433333,2.79321104902271,0.000428630219546821,0.0319916303415982,1.31461427408139
"Compound_0994",18719982.11,4975799.69,1.91157874279267,0.00170867392405362,0.0385843112211281,1.27538998231828
"Compound_0996",12603564.9666667,1208159.27143333,3.38294930071388,0.0229703449321873,0.0870159706188766,1.25341004326032
"Compound_0998",714741.054733333,57857.8267266667,3.62683662062421,3.23703452924524e-05,0.0133413904943047,1.32259408974469
"Compound_0999",1700043.32833333,270545.158933333,2.65163018478696,6.84320081454807e-05,0.0181833621643706,1.31624753988031
"Compound_1004",5927242.95466667,2889217.76566667,1.03668224746749,0.0385611583000467,0.114028226451648,1.20620507980716
"Compound_1006",5717805.16166667,3517923.14966667,0.700737492985968,0.0032516667123708,0.0470554701018125,1.2781832789439
"Compound_1011",458555264.6,905245.011666667,8.98457157927223,0.00403367398345141,0.0505662936500562,1.31303706668071
"Compound_1012",88236754.4733333,313795.077166667,8.13541319702285,0.000813952613460179,0.0349073359892374,1.3211736253557
"Compound_1013",105750275.816667,297515.4903,8.47348092578317,0.000904891478976143,0.0349073359892374,1.32100458430539
"Compound_1014",1377096.54766667,114724.255826667,3.58538735609838,0.00996158372181621,0.0604197673106076,1.29390168564917
"Compound_1020",13614097.9333333,6685499.501,1.02599413383921,0.015409245855207,0.0732239758857082,1.24322984236353
"Compound_1022",1472941.77066667,3855638.86733333,-1.38826953211348,0.0192119377290058,0.0788834529270436,1.27129377756722
"Compound_1027",10366481.0966667,662316.541433333,3.9682615538503,0.0147120465250163,0.0719215718051138,1.28193926933181
"Compound_1029",8222952.545,2453839.33666667,1.74461571036412,0.041139963217332,0.118635225097599,1.19124691351753
"Compound_1031",107910836.633333,38573465.9266667,1.48415906375218,0.00825406875086677,0.0568268039828339,1.24200905343393
"Compound_1038",6879503.42233333,77368.2954333333,6.47441813260572,0.00503455475814147,0.0514811536498934,1.31038568689487
"Compound_1040",2625332236,1845599742,0.508410300046047,0.00524769591543576,0.0514811536498934,1.24187841435256
"Compound_1041",37639079.6133333,51221857.3933333,-0.444528218163857,0.0125130863186367,0.066238468391137,1.25346539270754
"Compound_1043",8654262.21066667,4260282.903,1.0224615974064,0.00629034321553836,0.0517700813314219,1.29772401365878
"Compound_1045",5105952.005,2924105.326,0.804184698776943,0.0186828071045311,0.0782534616701735,1.21640621761939
"Compound_1046",5614315.76766667,1397758.70633333,2.00599487684057,0.00598063614596523,0.0517283081258457,1.28951331256773
"Compound_1052",1815861502.66667,1277539581.33333,0.507286181108608,0.0242480730870503,0.0893097345384427,1.15078330609309
"Compound_1057",150217364.3,80736352.9666667,0.895761266303188,0.00101343878678431,0.0349073359892374,1.29588893439696
"Compound_1058",181109235.8,105312126.29,0.782188552704907,0.00328882317915894,0.0470554701018125,1.27029177466714
"Compound_1059",3020276.895,83271.5869366667,5.18071269158317,0.0184732317964744,0.0782534616701735,1.27578966584973
"Compound_1060",19577648.7666667,138741.703566667,7.14066219634968,0.0302827693487017,0.101123789925646,1.24700899965304
"Compound_1062",5286467.102,469198.005566667,3.49403511836547,0.0250519356848311,0.0904788356772541,1.25133175717529
"Compound_1065",1373508.73033333,2486002.837,-0.855961862239431,0.0334527959370856,0.105896768953756,1.23451567918538
"Compound_1066",29110914.6333333,2633329.767,3.46660006425216,0.00756475178011487,0.055159030633617,1.29554192007092
"Compound_1067",7127789.84266667,78789.8776666667,6.49930069558795,0.00100657002518643,0.0349073359892374,1.32065178009781
"Compound_1068",304138561.933333,694912.364666667,8.77368198173448,0.0181005758851897,0.0779330350612334,1.2774527234492
"Compound_1075",68577097.5433333,10934681.804,2.64881560595071,0.0032227085624693,0.0470554701018125,1.30391318538951
"Compound_1077",6940427.251,4882770.033,0.507324645462725,0.0236367183015225,0.0879285920816638,1.23277566784329
"Compound_1079",10979465.03,7111248.818,0.626632920087929,0.0186172933689996,0.0782534616701735,1.18394983368966
"Compound_1089",1355390874,795661348.5,0.768482539950298,0.00770712894468887,0.0553484935796189,1.2471215950157
"Compound_1092",45655849.18,21327235.6166667,1.09810272307426,0.0483879317929892,0.12952437721475,1.19327405495767
"Compound_1093",632514374.433333,326250369.533333,0.955118730887645,0.0269057532855327,0.0943974564842136,1.18944392281462
"Compound_1100",6604658.042,3988509.33266667,0.727634213804227,0.0123198793239364,0.066238468391137,1.22950250750198
"Compound_1101",733597.538833333,1337429.05166667,-0.866401657112654,0.00812278842155831,0.0564123363994866,1.2639211161407
"Compound_1105",828887.250233333,162811.908966667,2.34796964162887,0.00466438433744889,0.0514811536498934,1.28994059188455
"Compound_1106",3223028.18833333,247630.719213333,3.70215460542832,0.0368576267095291,0.110394823960908,1.211660513449
"Compound_1107",654192762.7,817801.051966667,9.64375016505641,0.0122737982821632,0.066238468391137,1.29170005097203
"Compound_1108",6855921.65333333,301859.4348,4.5054018237383,0.0247578272854167,0.0901604612302105,1.25934489153681
"Compound_1109",2550420982,2428093.316,10.0366958199985,0.00327459081369732,0.0470554701018125,1.31498538800436
"Compound_1110",4772124.278,1358742.1609,1.8123599030734,0.000571729589984446,0.0332317824178459,1.29544849696335
"Compound_1113",6167365.62866667,102298.852216667,5.91379251479723,0.0171224098925605,0.0751124584909494,1.27945989448538
"Compound_1114",16924753.6466667,24844813.9366667,-0.553809903182752,0.018728702031917,0.0782534616701735,1.24633009665462
"Compound_1119",12023953.2666667,8754618.05266667,0.457795163970901,0.0356578120977508,0.109625670250936,1.12856073611887
"Compound_1120",574459.2938,78287.75429,2.87534610205295,0.032015547089865,0.103864887933731,1.24113396233755
"Compound_1121",28925943.7533333,432506.776633333,6.06349748255332,0.0186137813171703,0.0782534616701735,1.27555065170498
"Compound_1124",8229549.29266667,196831.1918,5.38578265329579,0.0053446559831201,0.0514811536498934,1.30952730806813
"Compound_1140",103817430.333333,73607179.4366667,0.496130289344551,0.0432676443558858,0.121751616493113,1.19997361797726
"Compound_1152",2475265071.33333,1743454411.33333,0.505634388538823,0.00502401327574775,0.0514811536498934,1.24373154547265
"Compound_1158",81282899.3066667,49110804.65,0.726911402607159,0.034364170404134,0.107243887502834,1.13919897747852
"Compound_1160",56398531.31,91342.26003,9.27015939220119,0.00507403905054317,0.0514811536498934,1.31031811845642
"Compound_1162",52792271.44,36528192.28,0.531316381865398,0.0112240288980407,0.0638431001539928,1.25485868333028
"Compound_1167",7095950.68133333,4734688.48566667,0.583726474509653,0.0344316503033736,0.10727448838237,1.15240854980267
"Compound_1168",321717221.9,426821.565333333,9.55794438111846,0.00459644962374865,0.0514811536498934,1.3115393207081
"Compound_1172",2208570.611,947933.203033333,1.2202556510212,0.0218361315233316,0.0849354647795438,1.22619272602331
"Compound_1173",3454317.39066667,2038917.358,0.760597346313851,0.0224945063477175,0.0857372578007267,1.16778945338537
"Compound_1179",9415141.83233333,5976389.54233333,0.655708641805792,0.00659223846355018,0.0535439455991412,1.28416655450824
"Compound_1183",8933373.372,6497610.36933333,0.459295826179162,0.0184447553884793,0.0782534616701735,1.19335917736558
"Compound_1186",8533227.093,2452426.656,1.79888145183505,0.000848417247847487,0.0349073359892374,1.29793617980244
"Compound_1189",1943466.24533333,1114910.23736667,0.801704488885241,0.0191537847319195,0.0788186716844474,1.1926040766723
"Compound_1193",1964532.408,612693.001266667,1.68094969072352,0.000953333178051708,0.0349073359892374,1.29415931907788
"Compound_1195",6126937.97666667,967218.6502,2.66325227846096,0.00125289328556234,0.0357301590335681,1.3083664567788
"Compound_1196",45829794.8433333,28359510.8633333,0.692453177911322,0.0393057013131831,0.11549542565959,1.16934693893871
"Compound_1200",9837536.561,5141523.01266667,0.936101317128713,0.00762143595313956,0.055159030633617,1.27056095792268
"Compound_1201",2718387.25233333,55163.9642166667,5.62288104586604,0.00476065064893254,0.0514811536498934,1.31031013041634
"Compound_1204",7358539.09466667,3234375.22733333,1.18593231470649,0.00975728755599989,0.0604197673106076,1.27545122087625
"Compound_1207",3671246.643,1798080.30506667,1.02981258604709,0.0392053613548601,0.115382867278544,1.10346378451
"Compound_1209",7738184.108,2012860.19136667,1.9427480845353,0.0145524170824325,0.0716071316754614,1.23072588560654
"Compound_1210",4340695.191,1151120.8813,1.91488677685367,0.00069725714001025,0.0349073359892374,1.30573012356197
"Compound_1211",68126983.22,37226758.1866667,0.871886335542841,0.0326308677410411,0.104643817238511,1.13114251907221
"Compound_1213",14128332.8833333,352440.571933333,5.3250674175179,0.00153801360728908,0.0383348956078851,1.31664104772395
"Compound_1214",3524318.28466667,1676289.969,1.0720724895905,0.00511236907843127,0.0514811536498934,1.25783233625676
"Compound_1215",2346794.764,1099628.967,1.09367486159831,0.0284400647200385,0.0968302230062126,1.13641677641128
"Compound_1216",130541958.3,33474309.95,1.96338736609078,0.00415948544540785,0.0505662936500562,1.28955519966771
"Compound_1217",13592909.1566667,7563974.67033333,0.845637817762131,0.0305780367831907,0.101562765029883,1.18961123687688
"Compound_1218",6181994.00233333,3056925.68866667,1.01599077258954,0.0242345230247734,0.0893097345384427,1.25316002779215
"Compound_1219",7626993.941,3477634.828,1.13300810448027,0.00155845600206052,0.0383348956078851,1.28202064658245
"Compound_1221",13993148.4233333,6711597.84333333,1.05999242411228,0.00484284601910089,0.0514811536498934,1.29427731603983
"Compound_1222",11450742.4233333,7362750.13233333,0.637124493206875,0.00389424723313343,0.0505662936500562,1.25701961320167
"Compound_1223",8783152.935,6421911.08366667,0.451736234658179,0.0363845614247441,0.110036502207457,1.2207146156695
"Compound_1225",2341400.72666667,94668.32405,4.62834627834635,0.00983242217208798,0.0604197673106076,1.29707056428818
"Compound_1226",156255627.7,65793717.1466667,1.24788642272193,0.0400464327550142,0.117116925981645,1.12818571655008
"Compound_1227",388743008.8,65020667.0366667,2.57984646828376,0.0220558223056557,0.0849354647795438,1.25527052202314
"Compound_1228",12866801.0633333,1900885.02633333,2.75891023676536,0.00798679123212358,0.0562705745899616,1.28173496927528
"Compound_1230",12803089.4566667,6129503.334,1.062649898582,0.00207687280988004,0.0400106723842903,1.29001469123338
"Compound_1231",93076865.6566667,50146510.3533333,0.89227332052556,0.00798362990619962,0.0562705745899616,1.25064773887541
"Compound_1238",157835504.6,94106701.9666667,0.746052395893669,0.0377320691779492,0.112290637873577,1.15100421008897
"Compound_1245",2188538.21733333,983824.073333333,1.15349531512991,0.0108988825531076,0.0624937610864087,1.22325118653683
"Compound_1248",668441401.466667,525056693.533333,0.348327885164315,0.0208373876989898,0.0828152588036773,1.24763728968478
"Compound_1249",6032615.62533333,85448.39721,6.14158642124036,0.000869863490658557,0.0349073359892374,1.32079464243226
"Compound_1251",1552189.491,678514.674933333,1.19385276847401,0.0443947141128144,0.123339749841928,1.09441731697
"Compound_1255",8410463.112,4043738.38766667,1.05649557877997,0.0162891469787076,0.0744055438287357,1.1854740237264
"Compound_1257",62623900.32,46207227.4833333,0.438594836899161,0.0156004325791761,0.0735865424674045,1.23575448364992
"Compound_1260",16554480.8433333,8735062.33633333,0.922331863970916,0.00410579283283197,0.0505662936500562,1.25089786913686
"Compound_1264",11432785.635,272303.755333333,5.39181627476107,0.0266580596695348,0.0939090738358612,1.25626249532306
"Compound_1267",8904766.057,841391.2671,3.40372896043524,0.0220159757170598,0.0849354647795438,1.25693662493046
"Compound_1282",46437448.1566667,32634953.9866667,0.508870689820143,0.00478004507107834,0.0514811536498934,1.24840519858266
"Compound_1285",14289952.3266667,3434452.929,2.05684888657696,0.000486673141915596,0.0319916303415982,1.31494325127725
"Compound_1286",12781327.3866667,547131.529133333,4.5460061676839,0.00688280821945874,0.0537534419294129,1.30008335195406
"Compound_1288",63205517.17,26758022.42,1.24007899983177,0.0273714693124495,0.0944544210040003,1.14177630598593
"Compound_1291",982918.307533333,436792.539,1.17012330273298,0.0210268126637726,0.0833899180269019,1.19768826494684
"Compound_1292",24886126.2366667,11924696.845,1.06138908867181,0.0138986394852948,0.0694931974264739,1.19396066153807
"Compound_1293",2846939.714,1286171.19996667,1.14632925327138,0.0134744881478148,0.0680618932709833,1.19718349640513
"Compound_1300",18158603.0933333,11943081.889,0.604478053834859,0.042934081001271,0.121751616493113,1.20498672188511
"Compound_1308",12139122.68,7141486.383,0.765367874869861,0.0497212029262005,0.13069658707699,1.12458005751473
"Compound_1309",2959589.17566667,532738.861366667,2.47389649820275,0.00596438566873263,0.0517283081258457,1.27447748931032
"Compound_1317",8282794.738,3412649.456,1.27922540677833,0.00697629954438097,0.0538419798860938,1.23053440154219
"Compound_1318",62035412.8366667,2077566.54966667,4.90012541529738,0.000435765363846972,0.0319916303415982,1.32094076376494
"Compound_1319",106676909.433333,66534583.56,0.681071604528399,0.00336052111135049,0.0477142692145947,1.31141833231666
"Compound_1331",8676648.18,2058887.53733333,2.07527280431799,0.00748893038732474,0.055159030633617,1.25827240287001
"Compound_1335",231658413.766667,166707537.333333,0.474679747345966,0.0216580501838231,0.0849354647795438,1.22879645452597
"Compound_1336",102889756.253333,33238093.3733333,1.6301898213505,0.0115023234232293,0.0644752996583347,1.24821546819762
"Compound_1337",3309562.854,1321232.17306667,1.32475666425091,0.00159071640591297,0.0383348956078851,1.28248828317526
"Compound_1340",74503258.8066667,20542432.43,1.85869650976575,0.00173748461015239,0.0385843112211281,1.27513480808976
"Compound_1342",200579567.666667,750957.8248,8.06122705028476,0.00314246418788542,0.0470554701018125,1.31527588636986
"Compound_1343",29454210.0633333,14189713.8733333,1.05362836302248,0.00262598891344783,0.0436101730269014,1.27294671164535
"Compound_1345",14377550.8066667,9126343.31966667,0.65570910386837,0.0365753008391573,0.110132420948782,1.17991885842638
"Compound_1346",87292199.3833333,36228595.25,1.26872387039205,0.00222261304200947,0.0406712895930171,1.2908862436211
"Compound_1350",82480884.1333333,26120270.0966667,1.65888998224945,0.0252621627301329,0.0908851502476736,1.21448188871087
"Compound_1354",135430250.4,45564910.5066667,1.57155488369106,0.00451156436983727,0.0514811536498934,1.26534774882255
"Compound_1358",30453912.04,15231583.4866667,0.999561632082734,0.00687745021123805,0.0537534419294129,1.2687215211747
"Compound_1359",22973776.62,15412296.4733333,0.575906195107951,0.0328592319789643,0.105194787402536,1.21187531127867
"Compound_1360",19979124.87,418935.3202,5.57562205890971,0.029154313292732,0.0989544210300758,1.24957204717109
"Compound_1366",49876827.9066667,21574682.1133333,1.20903041225215,0.00184262361493333,0.0389463627701817,1.27419426003682
"Compound_1368",187476810.766667,112234847.316667,0.740191476251071,0.025337776662057,0.0909812057749538,1.16884437549068
"Compound_1369",8840034.984,2430716.67133333,1.8626703389603,0.0169890223790375,0.0749336877096842,1.25531945980827
"Compound_1373",25787348.2566667,9424133.84933333,1.45223149195425,0.027155000407462,0.0943974564842136,1.18963933480865
"Compound_1375",15495614.1433333,7732254.97066667,1.00289881868374,0.0126356690394399,0.066238468391137,1.19773073089594
"Compound_1379",333122898.9,53815337.5066667,2.6299652201996,0.0182359801210074,0.0781542005186033,1.25376164743537
"Compound_1380",24117300.5433333,11504790.8736667,1.06783367552462,0.00259995409047731,0.0436101730269014,1.27677708952134
"Compound_1382",52786783.3366667,9150094.49733333,2.52831820733566,0.0338084745235649,0.106402305607159,1.22005506369537
"Compound_1384",259027029.133333,36153347.7433333,2.84090149934249,0.036592385024918,0.110132420948782,1.2249795492349
"Compound_1386",17168066.01,7521988.19,1.19054158190853,0.00855222027288507,0.0572198910344109,1.22921480394764
"Compound_1387",131376359.933333,29985370.6833333,2.13137498539918,0.0459009477150276,0.125543799817358,1.19168763126624
"Compound_1395",72103248.3266667,37326459.91,0.949865567793893,0.00697053145945878,0.0538419798860938,1.3017165962008
"Compound_1398",33733710.1466667,15370928.18,1.13398671411583,0.0195968761374506,0.0799346263501275,1.25763925045645
"Compound_1399",4799205.675,2045515.82033333,1.2303309472963,0.00495268256534347,0.0514811536498934,1.26051539185339
"Compound_1400",2984152.97033333,1936252.00066667,0.62405476161282,0.0318723308516157,0.103822303649746,1.13447361294895
"Compound_1401",1627656.62466667,698036.550733333,1.2214218902021,0.0163106985020151,0.0744055438287357,1.20799125924711
"Compound_1403",5822317.667,1938777.65473333,1.58644619536675,0.00969418471289972,0.0604197673106076,1.21237817664567
"Compound_1406",11822465.2166667,5986908.551,0.981647758590284,0.00923966879983761,0.0590618659409833,1.21574587993707
"Compound_1407",25507447.08,7388010.79166667,1.78766063484857,0.000515994037767712,0.0319916303415982,1.30036234947116
"Compound_1408",412616381.7,91264636.81,2.17667324163472,0.0405245687650684,0.117807665385168,1.19872720226917
"Compound_1409",16154948.3933333,4218067.334,1.93732211144155,0.00219998242424259,0.0406712895930171,1.27254497691957
"Compound_1413",14755056.8433333,10088933.459,0.548435809197424,0.0296175432261553,0.0999793655184191,1.16045417159506
"Compound_1415",1337673.88,2731497.119,-1.02996546630679,0.0493074779974038,0.130457907646047,1.14107982564218
"Compound_1416",9940770.20566667,388033.053566667,4.67910618046317,0.00210836844021467,0.0400159724367275,1.31646855070159
"Compound_1417",31038745.92,126739.8894,7.93605579659581,0.00622123992094105,0.0517700813314219,1.30726551012701
"Compound_1420",4113309.66466667,63063.3270733333,6.0273545917072,0.0124614812810122,0.066238468391137,1.29150413022856
"Compound_1421",1411843.43586667,54784.41877,4.68767066708128,0.0333348495593399,0.105896768953756,1.24024637998948
"Compound_1423",21168864.1266667,7542840.38766667,1.48876405685414,0.0359415389581149,0.109740301465398,1.16289337467964
"Compound_1424",26195445.26,7884264.39666667,1.73226792189322,0.00087770683636093,0.0349073359892374,1.29215681123266
"Compound_1426",10669602.12,5027811.80666667,1.08550382250701,0.0102826314648261,0.061172147767625,1.25669663266433
"Compound_1427",20876924.2333333,12829793.0703333,0.702411275797281,0.0292331150018404,0.09900212037914,1.20434600686048
"Compound_1430",450419392.133333,86486347.4733333,2.38072462636439,0.0352971760665165,0.109057720072626,1.21308168873397
"Compound_1431",165605373.466667,25626065.8433333,2.69206556954869,0.010460867661602,0.0615117104111306,1.28821214667925
"Compound_1432",17955486.2433333,140416.800233333,6.99856535430415,0.0208094287201501,0.0828152588036773,1.2704966316739
"Compound_1433",273250500.966667,840292.174933333,8.34511737617842,0.0249126571282103,0.0901604612302105,1.26031994862907
"Compound_1434",449488719.833333,1727267.80733333,8.023649315295,0.00731843073249285,0.055159030633617,1.30462558795704
"Compound_1435",101395371.786667,45472580.95,1.15692300517038,0.00903949034278941,0.0587882938377213,1.21843926217492
"Compound_1436",19908701.49,4699199.04766667,2.08291234336972,0.0190374218724835,0.078688010406265,1.25877880039571
"Compound_1437",48152852.9033333,7011491.743,2.77982795041314,0.0180819868893231,0.0779330350612334,1.26932043520873
"Compound_1438",10475592.7103333,371174.475766667,4.81879055855535,0.0361670993539187,0.109740301465398,1.23170182908237
"Compound_1439",2639279.81666667,102846.7411,4.68157632833394,0.0132672681585567,0.0675836284970332,1.28951298016548
"Compound_1441",36531267.2933333,12299547.2866667,1.57052658778547,0.00746303339745331,0.055159030633617,1.26561218776223
"Compound_1442",71460566.99,16583210.83,2.10742399324065,0.0160003610148813,0.074128366977973,1.25622756320601
"Compound_1443",217681997,50409723.9366667,2.11044813822808,0.0354170066431859,0.109246488153111,1.21353873096962
"Compound_1445",7072007.07833333,91976.6515733333,6.26470823139092,0.00936174320409113,0.0594294961078823,1.29834571158234
"Compound_1450",993527.001233333,464372.797166667,1.09727571435673,0.0495435613862535,0.13069658707699,1.15534206605406
"Compound_1452",879265.943966667,141682.028856667,2.63364281442829,0.0157624727702149,0.0736126991984036,1.26640599206422
"Compound_1454",3976477.903,1301602.7829,1.61120191330708,0.00495611319199328,0.0514811536498934,1.24742585607861
"Compound_1455",1919039234,1499405525,0.355993583863945,0.0247450180557944,0.0901604612302105,1.15437032932125
"Compound_1459",11556847.7033333,5618147.73633333,1.04058146807056,0.0301484503132956,0.101027585987753,1.18260021209376
"Compound_1461",2062235.284,676942.5145,1.6071037102473,0.0117593688293693,0.0654863054569665,1.23878348302641
"Compound_1464",6203753.121,3411062.764,0.862919974344726,0.00126236526992939,0.0357301590335681,1.28170428474676
"Compound_1467",262298038.066667,42071945.44,2.64027658047191,0.00621052294037177,0.0517700813314219,1.29966334371039
"Compound_1468",49025464.0733333,10373930.7046667,2.24056864898873,0.0124272210135008,0.066238468391137,1.24627433048435
"Compound_1470",77728585.8133333,14585816.2686667,2.4138791419203,0.0161123721364292,0.0743647944758269,1.254010777704
"Compound_1471",66585660.0833333,26281936.88,1.3411399105354,0.020775829709213,0.0828152588036773,1.20089183963467
"Compound_1475",5429033.941,3562620.559,0.607756667515251,0.00319473696755125,0.0470554701018125,1.27958018335353
"Compound_1480",186579660.1,19188883.1433333,3.28144907054177,0.00727169187329701,0.055159030633617,1.2996147270568
"Compound_1481",866553.135566667,1806540.27066667,-1.05986929428416,0.0323145742482907,0.104168298270053,1.17490827209146
"Compound_1482",8081092.063,4292148.90533333,0.912850141496088,0.00521349654101445,0.0514811536498934,1.25664416098945
"Compound_1483",15854573.91,8884030.909,0.835612788307002,0.0360035499519734,0.109740301465398,1.23144991925363
"Compound_1486",9369828.74966667,4501146.699,1.0577300952544,0.0374951119670896,0.111943672967555,1.2192612231626
"Compound_1496",3942170.69233333,1886707.76933333,1.06311926273645,0.00543995330593654,0.0514811536498934,1.27333314327643
"Compound_1497",5017620.40066667,3389230.54833333,0.566045552538978,0.0195443739273346,0.0798956824282251,1.17738834299091
"Compound_1498",7570018.876,4429376.51566667,0.773193260012739,0.0447293214616754,0.123988879163512,1.09801787974901
"Compound_1500",2948058.13033333,1366011.239,1.10979561842945,0.0029722009116772,0.0468487782929625,1.26498931464983
"Compound_1511",1617607.691,846987.973466667,0.933448372007278,0.00549084291695766,0.0514811536498934,1.23956504264996
"Compound_1512",1006874.57416667,401605.225233333,1.32603403353797,0.0165567011661471,0.0749336877096842,1.18705751443054
"Compound_1513",1127642.03466667,1899795.42466667,-0.752534910649726,0.00157948626491697,0.0383348956078851,1.30180775263515
"Compound_1518",19241902.92,13673884.7166667,0.492828313638553,0.0381122250321608,0.113060189090621,1.10871310929653
"Compound_1519",33275747.43,5444519.919,2.61159432463338,0.00160555534430526,0.0383348956078851,1.31297996939437
"Compound_1521",43337370.16,28701397.7566667,0.594490611289253,0.0315368463178223,0.103272067167517,1.23359227774014
"Compound_1523",9021719.98433333,4838431.11133333,0.898863187163415,0.0152735868805023,0.0732187412312738,1.23335006121974
"Compound_1527",3232793.87733333,1092303.48653333,1.56540777270664,0.00546099258360967,0.0514811536498934,1.27188723604108
"Compound_1529",2649391.485,1609459.79366667,0.719084501095546,0.0274512007218343,0.0945541358196513,1.13779816032501
"Compound_1531",10248462.3533333,126382.316,6.34146904931738,0.000444785521054918,0.0319916303415982,1.32159976630532
"Compound_1532",17492831.2266667,128019.966296667,7.09425116520559,0.00790922236468648,0.0561494412149498,1.30257197424474
"Compound_1533",1555115.49166667,211247.696266667,2.88001421354657,0.0120515423742631,0.0662213208883578,1.28651399928009
"Compound_1536",17244922.2766667,12415881.34,0.473984951845843,0.0319452800310836,0.103864887933731,1.17951378514676
"Compound_1542",1416634.137,337036.426933333,2.07149078123347,0.000620458973160178,0.0345850847163699,1.30142886088722
"Compound_1545",67323325.4,115118453,-0.773940765208139,0.00784926641856527,0.0559373009139134,1.23749467219299
"Compound_1548",4538999.78733333,349494.8346,3.69903138229099,0.00812822911562495,0.0564123363994866,1.30193085767034
"Compound_1549",2889095.602,57157.6771066667,5.65952684779419,0.0201386715847305,0.0813856085378502,1.27212094054527
"Compound_1550",20486071.38,1329570.25386667,3.94561142916747,0.0361105941129887,0.109740301465398,1.23077474936478
"Compound_1555",11865335.75,7428726.10066667,0.675566185048651,0.0466036355641497,0.126359711587928,1.14045335406304
"Compound_1557",91900995.7166667,42463989.1633333,1.11384058506916,0.01091960879198,0.0624937610864087,1.2454202243157
"Compound_1567",3447376.451,1249302.19616667,1.4643763530538,0.0292748205422188,0.09900212037914,1.16974250230914
"Compound_1569",749516.8873,61655.1376533333,3.60366796086988,0.0226609090956471,0.0861948689527679,1.26516839928016
"Compound_1570",37917943.5333333,6998455.62166667,2.43777222551432,0.00875775815083358,0.0577639367395406,1.28189693803333
"Compound_1573",2212986.772,1450173.05866667,0.609769750759188,0.0488793838881928,0.130065313350556,1.19603114490171
"Compound_1580",159187002.266667,27900423.9266667,2.51236359556533,0.0221210784443848,0.0849772010644392,1.25221371871336
"Compound_1582",62191619.2866667,124463.64946,8.96485191703328,0.00140829037148978,0.0379626100140724,1.3197454602331
"Compound_1587",31340631.0833333,190962.0314,7.35860460177592,0.00605857583288376,0.0517283081258457,1.30779995702252
"Compound_1588",1841698.36,53488.7180866667,5.105658352359,0.00249632960878573,0.0435704038665597,1.31663122602065
"Compound_1589",11866671.4766667,5942591.03433333,0.997751321206331,0.0121446305436534,0.0662213208883578,1.20718937264472
"Compound_1590",20380671.1633333,3182036.625,2.67917921601631,0.0102940227157347,0.061172147767625,1.27712358751546
"Compound_1592",90729877.89,79405553.8566667,0.192337799870686,0.00395588787969441,0.0505662936500562,1.2925067993966
"Compound_1594",1652959.41866667,991240.300733333,0.737744556616214,0.0495578855071341,0.13069658707699,1.13796634600766
"Compound_1595",10601691.8796667,4317191.977,1.29612936369177,0.00183224101508068,0.0389463627701817,1.28475133481393
"Compound_1596",13116167.9833333,4302036.20733333,1.60825471194546,0.00174251728095417,0.0385843112211281,1.29104729064091
"Compound_1597",26352220.42,15386470.91,0.776262159001142,0.0322349626025927,0.104168298270053,1.13119384232136
"Compound_1598",998638.814,533426.193833333,0.904674310842739,0.0168992908302832,0.0749336877096842,1.25487131866847
"Compound_1604",1708848.803,856767.011566667,0.99604991702104,0.0497490234680155,0.13069658707699,1.18065040600143
"Compound_1613",4799555.35633333,781288.492733333,2.61897348627453,0.0430716893948592,0.121751616493113,1.21042269514931
"Compound_1616",14641790.84,7830323.96266667,0.902948118455736,0.0343162957452395,0.107243887502834,1.18692510377995
"Compound_1622",2720348.93866667,1548408.40266667,0.813005675815582,0.0272382726227811,0.0943974564842136,1.20962493284343
"Compound_1623",1730538.971,579841.2869,1.5774914632156,0.0169361995392167,0.0749336877096842,1.19204208389478
"Compound_1626",2330155.08433333,412474.338733333,2.49804970430281,0.000509885143911474,0.0319916303415982,1.31886825141625
"Compound_1629",13334740.1433333,6291131.497,1.08379828834245,0.0204703687362076,0.081933283568284,1.2375694369572
"Compound_1632",1595259.811,729354.969866667,1.1290983707351,0.0074986864332975,0.055159030633617,1.26224061046725
"Compound_1634",2592804.926,3447372.71,-0.410983616273277,0.0282633347834603,0.0966356667228605,1.1398487477202
"Compound_1637",12457157.7666667,416939.684933333,4.90099243290938,0.0102627079401297,0.061172147767625,1.29557533592875
"Compound_1640",3903197.25533333,69282.9509366667,5.81601218425577,0.0051282012988848,0.0514811536498934,1.30998030683388
"Compound_1644",2531118.25666667,56359.5515,5.48897097215418,0.0069069508418972,0.0537534419294129,1.30556102247185
"Compound_1646",21677706.03,518684.045766667,5.38521229177388,0.0430076000182042,0.121751616493113,1.21710497780792
"Compound_1647",3338081.95166667,1448325.8843,1.20463311779211,0.0236074419737776,0.0879285920816638,1.1837149857442
"Compound_1649",2271932.4,989701.534933333,1.19885448772489,0.00304768934056369,0.0468487782929625,1.27378457624249
"Compound_1653",6496534.55166667,2013917.655,1.68966565040437,0.000371573277890766,0.0314148316762193,1.30153852871422
"Compound_1654",13577787.4566667,7368637.64466667,0.881778591540805,0.0153736436207183,0.0732239758857082,1.26652091698901
"Compound_1655",3515765.62366667,1019790.39416667,1.78556624352383,0.0121761783568916,0.0662213208883578,1.25744212194364
"Compound_1659",2289520.82,497927.131266667,2.20103915152794,0.0332225150824096,0.105896768953756,1.1866060455777
"Compound_1664",16500628.8166667,11904558.3233333,0.471006909189233,0.00837534559964777,0.0572198910344109,1.22129477632547
"Compound_1666",43302578.24,15575449.1,1.47517916343536,0.000354299361592352,0.0314148316762193,1.30879166534193
"Compound_1667",15268080746,1655754198.33333,3.2049583000018,0.000361582534335162,0.0314148316762193,1.31925765316196
"Compound_1669",35800337.6166667,12162398.6263333,1.55754541276851,0.00854746266001088,0.0572198910344109,1.2287284150954
"Compound_1671",1705236286,1256793471.33333,0.440224068688884,0.00559932295319386,0.0514811536498934,1.24421967582052
"Compound_1675",1755089.706,1193433.18626667,0.556426971171585,0.0499539672257932,0.131049899915339,1.10659246057666
"Compound_1677",22737887.7066667,12024828.2563333,0.91908194870272,0.0175226456759861,0.0765073261909251,1.19060455985264
"Compound_1678",1861881.91,234553.889033333,2.98877024592972,0.0169787639543397,0.0749336877096842,1.27822602099728
"Compound_1682",199297258.433333,132425039.133333,0.589745929386769,0.0320529277816996,0.103864887933731,1.21276518384111
"Compound_1685",2544441.64166667,8331255.69733333,-1.71118485419281,0.0439206548569601,0.122538011933387,1.22618022497553
"Compound_1687",9820099.769,14313825.2766667,-0.543599687417404,0.0133587186048651,0.067703587479698,1.21380924288989
"Compound_1688",1725422.48366667,708666.061333333,1.28377179689249,0.015327044914698,0.0732239758857082,1.20595340799457
"Compound_1691",3790754.881,2159418.61833333,0.811842224567647,0.0227992223285274,0.0865439867980838,1.18845863807545
"Compound_1692",5802988.72666667,768247.365966667,2.91715330572656,0.0367813823064014,0.110394823960908,1.22694718646092
"Compound_1698",3340393.057,818840.912866667,2.0283627789507,0.00223036104219771,0.0406712895930171,1.26899307723658
"Compound_1699",6276905.369,3366172.82066667,0.898944211815388,0.00919928134916469,0.0590618659409833,1.26353887812903
"Compound_1706",9575747.65033333,6452714.966,0.569478834322508,0.0468498668007607,0.126641105496668,1.18392570315245
"Compound_1712",29026564.5866667,15560320.4246667,0.899502063961469,0.0434398558582005,0.122051558755669,1.17442766606709
"Compound_1714",1593811.05066667,587109.1469,1.44077996670083,0.00929835808057559,0.0592292672255842,1.24896017462042
"Compound_1717",15251753.0233333,1030947.07063333,3.88693290333402,0.00508684017655398,0.0514811536498934,1.30561217809186
"Compound_1719",10498970.7386667,6847753.13633333,0.616545302761946,0.0488360513759272,0.130065313350556,1.10955712750778
"Compound_1721",6112723.605,2466157.783,1.30955022990143,0.0300566353992103,0.101027585987753,1.19198212346906
"Compound_1722",8232663.40433333,940384.3172,3.13003685767931,0.00372640117222747,0.0505662936500562,1.30567638386808
"Compound_1725",7568788.68033333,3312257.388,1.1922476419774,0.00304151124557121,0.0468487782929625,1.30255156853648
"Compound_1731",4375599.22366667,3108359.14333333,0.493327398737176,0.0143308165045246,0.0709895916134037,1.19525403151773
"Compound_1732",8644630.47833333,261689.214733333,5.04587792457858,0.00244243406480165,0.0432659748622006,1.31654243338315
"Compound_1734",37401028.6066667,17102719.2133333,1.12885222597619,0.0224404270100918,0.0857067643506587,1.19788697338092
"Compound_1739",4780917.46433333,2114599.64166667,1.17690295690471,0.00683722971836094,0.0537534419294129,1.27315294182132
"Compound_1745",11560090.54,6095427.193,0.92335345764508,0.00448106876046342,0.0514811536498934,1.26231272635361
"Compound_1748",1121004.67,510930.163366667,1.13359427371468,0.0192587569064333,0.0789015150792202,1.19162686440412
"Compound_1749",2499705.178,403520.675666667,2.63104344797606,0.0412034168887362,0.118635225097599,1.20686109587741
"Compound_1755",28999507.6533333,22474917.66,0.367712576484074,0.0187225837818536,0.0782534616701735,1.20896760224933
"Compound_1756",2312825.98833333,1661385.61633333,0.47726975575751,0.0490807980163696,0.130414691872068,1.08736342920877
"Compound_1757",4554467.53433333,2385823.93833333,0.93279481409239,0.0122630591310579,0.066238468391137,1.25114873628126
"Compound_1759",6718680.93966667,121914.344066667,5.78423823629802,0.00559161504474435,0.0514811536498934,1.30843691387968
"Compound_1760",27774011.25,6765753.80833333,2.03741296629766,0.0125642809812351,0.066238468391137,1.26922106678331
"Compound_1761",1388186.84666667,68395.4922933333,4.34315670881962,0.00924032418754093,0.0590618659409833,1.29913826192598
"Compound_1762",76766289.35,33782996.4766667,1.18417561661687,0.0128864306280426,0.0666991865729633,1.22657932227869
"Compound_1765",17591506.8933333,7782484.054,1.17657644897297,0.00870995487858697,0.0576530821144903,1.27287694915917
"Compound_1769",27344811.3766667,15389815.52,0.829291172513699,0.0184919858244566,0.0782534616701735,1.19165506430864
"Compound_1773",3155748.08233333,1612471.416,0.968708455851117,0.0316513001618025,0.103464707031551,1.16604654993943
"Compound_1774",864939.870866667,462711.2998,0.902487511393022,0.0201524417878475,0.0813856085378502,1.20868641253895
"Compound_1775",1767983.08366667,273699.9836,2.69143721749817,0.0456516210410757,0.125293375653624,1.20026002699011
"Compound_1776",20424474.25,3359667.66433333,2.60390850725816,0.0248981811832264,0.0901604612302105,1.24310163172033
"Compound_1779",7522480.11866667,4969232.83866667,0.598185246156583,0.0422638718218299,0.121312965414512,1.09994072242815
"Compound_1781",106538736.433333,66852757.4966667,0.672319101562733,0.00375164590955881,0.0505662936500562,1.27603055010119
"Compound_1794",2774215283.66667,1778264655,0.64160969441228,0.00563871146453961,0.0514811536498934,1.24277180350564
"Compound_1799",1367431.36766667,549180.726366667,1.31611552521833,0.00990694459942261,0.0604197673106076,1.25337546253129
"Compound_1803",12616790.6366667,6275294.51533333,1.00758990011852,0.00304402130210754,0.0468487782929625,1.28774960674055
"Compound_1806",20058590.95,7968401.34566667,1.33185804614456,0.00849007231000001,0.0572198910344109,1.2611674932874
"Compound_1808",2188115.17933333,1053218.7572,1.05488356131894,0.000960614697702986,0.0349073359892374,1.2900781096541
"Compound_1811",72125787.78,46383454.67,0.636904894547722,0.0380934559907194,0.113060189090621,1.15977021283249
"Compound_1821",20603486.5466667,7193069.16933333,1.51820911025354,0.0258187430968827,0.0919010657864428,1.22612328171067
"Compound_1829",17404231.87,12060087.928,0.529197716885065,0.0431950601094254,0.121751616493113,1.13919892484069
"Compound_1831",1376717.29433333,159665.4408,3.10810835205829,0.0233890673774979,0.0876546778340156,1.26297688336724
"Compound_1835",36542707.0266667,2560842.28266667,3.83489320253848,0.00267506517641794,0.0440320462667024,1.31601913046843
"Compound_1836",49294084.6233333,17124883.3366667,1.52532037131206,0.00481255295095746,0.0514811536498934,1.28871183128762
"Compound_1838",4078860.307,2638233.10033333,0.628594059358755,0.0405249641702582,0.117807665385168,1.1059733600153
"Compound_1844",2292766.188,1092521.70756667,1.06942729383039,0.00168095412710464,0.0385843112211281,1.27537176054036
"Compound_1845",3144348.443,1827178.808,0.78314327640336,0.0283746520632685,0.0968302230062126,1.16101771848747
"Compound_1855",1673283.34833333,995224.6058,0.749587707304916,0.042517703981728,0.121570806063264,1.12495100988072
"Compound_1858",12692731.2666667,9240402.788,0.457974901769945,0.020483320892071,0.081933283568284,1.23690133878856
"Compound_1859",43175118.49,18843223.4733333,1.19615435202094,0.0100432359558073,0.0604197673106076,1.27718778791205
